<?xml version="1.0" encoding="UTF-8"?>
<beans xmlns="http://www.springframework.org/schema/beans"
	xmlns:xsi="http://www.w3.org/2001/XMLSchema-instance"
	xmlns:aop="http://www.springframework.org/schema/aop"
	xmlns:context="http://www.springframework.org/schema/context"
	xmlns:jdbc="http://www.springframework.org/schema/jdbc"
	xmlns:mybatis-spring="http://mybatis.org/schema/mybatis-spring"
	xmlns:util="http://www.springframework.org/schema/util"
	xsi:schemaLocation="http://www.springframework.org/schema/jdbc http://www.springframework.org/schema/jdbc/spring-jdbc-4.3.xsd
		http://mybatis.org/schema/mybatis-spring http://mybatis.org/schema/mybatis-spring-1.2.xsd
		http://www.springframework.org/schema/beans https://www.springframework.org/schema/beans/spring-beans.xsd
		http://www.springframework.org/schema/context http://www.springframework.org/schema/context/spring-context-4.3.xsd
		http://www.springframework.org/schema/aop http://www.springframework.org/schema/aop/spring-aop-4.3.xsd
		http://www.springframework.org/schema/util http://www.springframework.org/schema/util/spring-util-4.3.xsd">
	
	

	<!-- 데이터 소스 1 -->
	<!-- 
	<bean id="dataSource1" class="org.springframework.jdbc.datasource.DriverManagerDataSource">
	    <property name="driverClassName" value="com.mysql.cj.jdbc.Driver"/>
	    <property name="url" value="jdbc:mysql://blang.co.kr:3306/DSDBDO0"/>
	    <property name="username" value="INSTC"/>
	    <property name="password" value="a"/>
	</bean>
	 -->
	
	<!-- 데이터 소스 1 -->
	<!-- 
	   - 참고로 톰캣은 java:/comp/env/ 붙여주어야함
	   - WSA(TOMCAT) + JNDI(스프링내장프레임웍)를 이용한 데이터소스를 설정 (암호화효과)
	   - WAS(TOMCAT) 서버측의 context.xml 내부에 <Resource> 태그를 정의하여 DB정보를 기술해야함. 
	-->
    <bean id="dataSource1" class="org.springframework.jndi.JndiObjectFactoryBean">
        <property name="jndiName" value="java:/comp/env/jdbc/DSDBDO0"/>
    </bean>
	
	<!-- 데이터 소스 2 -->
	<bean id="dataSource2" class="org.springframework.jdbc.datasource.DriverManagerDataSource"> 
		<property name="driverClassName" value="com.mysql.cj.jdbc.Driver" />
		<property name="url" value="jdbc:mysql://blang.co.kr:3306/DSBCKO0" />
		<!-- <property name="url" value="jdbc:mysql://192.168.0.12:3306/DSBCKO0" /> -->
		<property name="username" value="INSTC" />
		<property name="password" value="a" />  
	</bean>

	<!-- ================================================================================= -->
	<!-- SQL 세션 팩토리 1 -->
	<bean id="sqlSessionFactory1" class="org.mybatis.spring.SqlSessionFactoryBean">
	    <property name="dataSource" ref="dataSource1"/>
		<property name="configLocation" value="classpath:/mybatis-config.xml" /><!-- myBatis 설정 파일의 위치를 지정한다. -->
		<property name="mapperLocations" value="classpath:/mappers/**/*Mapper.xml" /><!-- SQL 파일의 위치를 지정한다. -->
	</bean>
	
	<!-- SQL 세션 팩토리 2 -->
	<bean id="sqlSessionFactory2" class="org.mybatis.spring.SqlSessionFactoryBean">
		<property name="dataSource" ref="dataSource2" />
		<property name="configLocation" value="classpath:/mybatis-config.xml" />
		<property name="mapperLocations" value="classpath:/mappers/**/*Mapper.xml" />
	</bean>
	
	<!-- SQL 세션팩토리 다른방식 @Mapper 으로 주입시 -->
	<bean class="org.mybatis.spring.mapper.MapperScannerConfigurer">
    	<property name="basePackage" value="com.blang.bck.domain.ad.mapper,com.blang.bck.domain.campaign.mapper"/>
    	<property name="sqlSessionFactoryBeanName" value="sqlSessionFactory1"/>
	</bean>
	<!-- ================================================================================= -->
	<bean id="sqlSession" class="org.mybatis.spring.SqlSessionTemplate">
	    <constructor-arg index="0" ref="sqlSessionFactory1"/>
	</bean>
	
    <!-- SqlSessionTemplate 2 -->
    <bean id="sqlSession2" class="org.mybatis.spring.SqlSessionTemplate">
        <constructor-arg index="0" ref="sqlSessionFactory2"/>
    </bean>
    
    
    <!-- ================================================================================= -->
    <!-- 트랜잭션 매니저 1 -->
    <bean id="transactionManager1" class="org.springframework.jdbc.datasource.DataSourceTransactionManager" primary="true">
        <property name="dataSource" ref="dataSource1"/>
    </bean>
    <!-- 트랜잭션 매니저 2 -->
    <bean id="transactionManager2" class="org.springframework.jdbc.datasource.DataSourceTransactionManager">
        <property name="dataSource" ref="dataSource2"/>
    </bean>
	
	
    <!-- ================================================================================= -->
    <!-- Common DAO -->
    <bean id="commonDao" class="com.blang.bck.global.common.dao.CommonDao">
    	<property name="sqlSession2" ref="sqlSession2" /> <!-- 다른 DAO에서 주입된 sqlSession 사용 -->
    </bean>
	
	
	<!-- ================================================================================= -->
	<util:properties id="globalProperties" location="classpath:/properties/global-properties.xml" />
</beans>
