<?xml version="1.0" encoding="UTF-8"?>
<!DOCTYPE configuration
    PUBLIC "-//mybatis.org//DTD Config 3.0//EN"
    "http://mybatis.org/dtd/mybatis-3-config.dtd">
<configuration>
	<typeAliases>	 
		<typeAlias type="com.blang.bck.web.vo.TBDBDW001DTO" alias="TBDBDW001DTO"/>
		<typeAlias type="com.blang.bck.web.vo.TBDBDW002DTO" alias="TBDBDW002DTO"/>
		<typeAlias type="com.blang.bck.web.vo.TBDBDW003DTO" alias="TBDBDW003DTO"/>
		<typeAlias type="com.blang.bck.web.vo.TBDBDW004DTO" alias="TBDBDW004DTO"/>
		<typeAlias type="com.blang.bck.web.vo.TBDBDW005DTO" alias="TBDBDW005DTO"/>
		<typeAlias type="com.blang.bck.web.vo.TBDBDW006DTO" alias="TBDBDW006DTO"/>
		<typeAlias type="com.blang.bck.web.vo.TBDBDW007DTO" alias="TBDBDW007DTO"/>
		<typeAlias type="com.blang.bck.web.vo.TBDBDW008DTO" alias="TBDBDW008DTO"/>
		<typeAlias type="com.blang.bck.web.vo.TBDBDW009DTO" alias="TBDBDW009DTO"/>
		<typeAlias type="com.blang.bck.web.vo.TBDBDW010DTO" alias="TBDBDW010DTO"/>
		<typeAlias type="com.blang.bck.web.vo.TBDBDW011DTO" alias="TBDBDW011DTO"/>
		<typeAlias type="com.blang.bck.web.vo.TBDBDW012DTO" alias="TBDBDW012DTO"/>
		<typeAlias type="com.blang.bck.web.vo.TBDBDW013DTO" alias="TBDBDW013DTO"/>
		<typeAlias type="com.blang.bck.web.vo.TBDBDW014DTO" alias="TBDBDW014DTO"/>
		<typeAlias type="com.blang.bck.web.vo.TBDBDW015DTO" alias="TBDBDW015DTO"/>
		<typeAlias type="com.blang.bck.web.vo.TBDBDW016DTO" alias="TBDBDW016DTO"/>
		<typeAlias type="com.blang.bck.web.vo.TBDBDW017DTO" alias="TBDBDW017DTO"/>
		<typeAlias type="com.blang.bck.web.vo.TBDBDW018DTO" alias="TBDBDW018DTO"/>
		<typeAlias type="com.blang.bck.web.vo.TBDBDW019DTO" alias="TBDBDW019DTO"/>
		<typeAlias type="com.blang.bck.web.vo.TBDBDW020DTO" alias="TBDBDW020DTO"/>
		<typeAlias type="com.blang.bck.web.vo.TBDBDW021DTO" alias="TBDBDW021DTO"/>
		<typeAlias type="com.blang.bck.web.vo.TBDBDW022DTO" alias="TBDBDW022DTO"/>
		<typeAlias type="com.blang.bck.web.vo.TBDBDW023DTO" alias="TBDBDW023DTO"/>
		
		<typeAlias type="com.blang.bck.global.common.dao.CommonDao" alias="CommonDao"/>
		<typeAlias type="com.blang.bck.domain.coupon.dao.CouponDao" alias="CouponDao"/>
		<typeAlias type="com.blang.bck.domain.coupon.domain.Coupon" alias="Coupon"/>
		<typeAlias type="com.blang.bck.domain.coupon.domain.CouponCode" alias="CouponCode"/>
		
		<typeAlias type="com.blang.bck.domain.ad.entity.Ad" alias="Ad"/>
		<typeAlias type="com.blang.bck.domain.campaign.entity.Campaign" alias="Campaign"/>
		
		
	</typeAliases>
	
    
    <!-- 
	<settings>
    	<setting name="mapUnderscoreToCamelCase" value="true" />
  	</settings>
  	 -->
	
</configuration>